"Geography","Value","density_pw_1km","population"
"Los Angeles County, California, USA","0.0004563568","4568.02734375","10009772"
"Cook County, Illinois, USA","0.0008902848","4694.97314453125","5273563"
"Harris County, Texas, USA","0.0004494771","2126.472900390625","4730993"
"Maricopa County, Arizona, USA","0.0004380982","1936.6451416015625","4420573"
"San Diego County, California, USA","0.0008152675","2688.724365234375","3297966"
"Orange County, California, USA","0.0010151973","3234.7060546875","3186283"
"Kings County, New York, USA","0.0069435007","18997.931640625","2736074"
"Miami-Dade County, Florida, USA","0.001306462","3528.820556640625","2701051"
"Dallas County, Texas, USA","0.0008271661","2161.830810546875","2613539"
"Riverside County, California, USA","0.000720831","1743.1026611328125","2418185"
"Queens County, New York, USA","0.0058292139","14022.0341796875","2405476"
"King County, Washington, USA","0.0012027065","2729.624267578125","2269568"
"Clark County, Nevada, USA","0.0011579518","2623.294677734375","2265461"
"San Bernardino County, California, USA","0.0009182111","2003.218994140625","2181654"
"Tarrant County, Texas, USA","0.0007942356","1676.345458984375","2110640"
"Bexar County, Texas, USA","0.0008371214","1682.057373046875","2009335"
"Broward County, Florida, USA","0.0012415706","2414.078857421875","1944375"
"Santa Clara County, California, USA","0.0017319427","3353.770263671875","1936421"
"Wayne County, Michigan, USA","0.0010679021","1915.3475341796875","1793561"
"New York County, New York, USA","0.017181389","29109.224609375","1694230"
"Alameda County, California, USA","0.0023167502","3897.466552734375","1682299"
"Middlesex County, Massachusetts, USA","0.0017287681","2821.35302734375","1632002"
"Philadelphia County, Pennsylvania, USA","0.0044862751","7197.11572265625","1604252"
"Sacramento County, California, USA","0.0014602736","2314.614013671875","1585055"
"Suffolk County, New York, USA","0.0009243526","1410.3458251953125","1525766"
"Palm Beach County, Florida, USA","0.0011076436","1652.8157958984375","1492191"
"Bronx County, New York, USA","0.014099241","20763.529296875","1472670"
"Hillsborough County, Florida, USA","0.0009923374","1448.1080322265625","1459290"
"Orange County, Florida, USA","0.0011178188","1598.3780517578125","1429908"
"Nassau County, New York, USA","0.0021391974","2985.6435546875","1395684"
"Franklin County, Ohio, USA","0.0014514336","1921.41796875","1323807"
"Travis County, Texas, USA","0.0013483651","1739.6444091796875","1290188"
"Hennepin County, Minnesota, USA","0.0016295068","2088.31884765625","1281565"
"Oakland County, Michigan, USA","0.0008846291","1127.366943359375","1274395"
"Cuyahoga County, Ohio, USA","0.0014165885","1791.147216796875","1264409"
"Allegheny County, Pennsylvania, USA","0.0012338556","1543.054931640625","1250596"
"Salt Lake County, Utah, USA","0.0017635258","2090.19775390625","1185238"
"Contra Costa County, California, USA","0.0018465416","2152.99365234375","1165960"
"Fairfax County, Virginia, USA","0.0017803173","2047.836669921875","1150265"
"Wake County, North Carolina, USA","0.0009567209","1080.5301513671875","1129410"
"Mecklenburg County, North Carolina, USA","0.0011374734","1268.8310546875","1115482"
"Fulton County, Georgia, USA","0.0015394053","1642.1513671875","1066744"
"Collin County, Texas, USA","0.0014792176","1574.56201171875","1064456"
"Montgomery County, Maryland, USA","0.0022504786","2390.287353515625","1062124"
"Pima County, Arizona, USA","0.0012556398","1310.176025390625","1043433"
"Honolulu County, Hawaii, USA","0.0034288471","3481.579345703125","1015379"
"Fresno County, California, USA","0.0018879152","1904.253173828125","1008654"
"Westchester County, New York, USA","0.003497802","3513.32177734375","1004437"
"St. Louis County, Missouri, USA","0.0013561448","1361.9884033203125","1004309"
"Duval County, Florida, USA","0.0012320303","1226.3604736328125","995398"
"Marion County, Indiana, USA","0.0014644754","1431.0897216796875","977203"
"Capitol Planning Region, Connecticut, USA","0.0013239684","1292.483154296875","976219"
"Prince George's County, Maryland, USA","0.002125096","2055.39501953125","967201"
"Pinellas County, Florida, USA","0.0016320459","1565.327880859375","959120"
"Gwinnett County, Georgia, USA","0.0012321302","1179.2484130859375","957081"
"Bergen County, New Jersey, USA","0.0032417985","3098.29052734375","955732"
"Erie County, New York, USA","0.0018551149","1770.2174072265625","954236"
"Milwaukee County, Wisconsin, USA","0.0027873723","2618.596923828125","939450"
"DuPage County, Illinois, USA","0.0017245117","1608.75732421875","932877"
"Shelby County, Tennessee, USA","0.0013059839","1214.230712890625","929744"
"Pierce County, Washington, USA","0.0015052376","1386.4261474609375","921068"
"Kern County, California, USA","0.0019647857","1786.451904296875","909235"
"Denton County, Texas, USA","0.0016703243","1514.03369140625","906431"
"Macomb County, Michigan, USA","0.0017528362","1544.6290283203125","881217"
"San Francisco County, California, USA","0.0116338243","10164.0185546875","873661"
"Hidalgo County, Texas, USA","0.0012802388","1114.8076171875","870781"
"El Paso County, Texas, USA","0.0019407902","1680.05859375","865657"
"Essex County, New Jersey, USA","0.0062977859","5439.48583984375","863714"
"Middlesex County, New Jersey, USA","0.0025590775","2208.8984375","863162"
"Worcester County, Massachusetts, USA","0.001470313","1267.572998046875","862111"
"Montgomery County, Pennsylvania, USA","0.0016086754","1377.915771484375","856553"
"Baltimore County, Maryland, USA","0.0020999254","1794.4366455078125","854524"
"Ventura County, California, USA","0.0026451036","2232.031005859375","843835"
"Hamilton County, Ohio, USA","0.0018590467","1544.1966552734375","830639"
"Snohomish County, Washington, USA","0.0019304113","1598.2744140625","827945"
"Fort Bend County, Texas, USA","0.0017388059","1430.6529541015625","822779"
"Multnomah County, Oregon, USA","0.003458973","2820.522705078125","815422"
"Essex County, Massachusetts, USA","0.0029591519","2393.657958984375","808900"
"Suffolk County, Massachusetts, USA","0.0088646626","7069.9052734375","797538"
"Oklahoma County, Oklahoma, USA","0.0016064498","1279.203125","796292"
"Jefferson County, Kentucky, USA","0.001826882","1430.3919677734375","782969"
"San Joaquin County, California, USA","0.0027050278","2107.846923828125","779233"
"Cobb County, Georgia, USA","0.0014512496","1111.8734130859375","766149"
"DeKalb County, Georgia, USA","0.0019668135","1503.2926025390625","764329"
"San Mateo County, California, USA","0.0042751754","3267.174560546875","764220"
"Lee County, Florida, USA","0.0011093865","843.3966674804688","760237"
"Monroe County, New York, USA","0.0019527336","1482.7906494140625","759341"
"El Paso County, Colorado, USA","0.0019534596","1426.797119140625","730395"
"Norfolk County, Massachusetts, USA","0.0025980633","1885.7574462890625","725832"
"Polk County, Florida, USA","0.0010445558","757.3510131835938","725046"
"Hudson County, New Jersey, USA","0.0154286412","11183.0185546875","724822"
"Jackson County, Missouri, USA","0.001797125","1288.9052734375","717204"
"Davidson County, Tennessee, USA","0.0017955404","1285.2603759765625","715807"
"Denver County, Colorado, USA","0.0043135672","3086.262451171875","715478"
"Lake County, Illinois, USA","0.0017564207","1254.68505859375","714342"
"Will County, Illinois, USA","0.0017382656","1210.449951171875","696355"
"District of Columbia, District of Columbia, USA","0.0095282709","6569.5712890625","689482"
"Bernalillo County, New Mexico, USA","0.0025192197","1704.111083984375","676444"
"Jefferson County, Alabama, USA","0.0011818395","797.4024658203125","674713"
"Tulsa County, Oklahoma, USA","0.00175627","1175.4644775390625","669296"
"Providence County, Rhode Island, USA","0.0042279536","2792.888916015625","660577"
"Utah County, Utah, USA","0.0026335594","1736.56640625","659399"
"Kent County, Michigan, USA","0.0018878703","1242.1695556640625","657974"
"Arapahoe County, Colorado, USA","0.0032644082","2138.605224609375","655128"
"Bucks County, Pennsylvania, USA","0.0016198131","1046.53369140625","646083"
"Monmouth County, New Jersey, USA","0.0018152703","1167.7742919921875","643306"
"Ocean County, New Jersey, USA","0.002332939","1486.2547607421875","637074"
"Western Connecticut Planning Region, Connecticut, USA","0.0027142689","1684.3096923828125","620539"
"Montgomery County, Texas, USA","0.0012460509","773.1035766601562","620443"
"Johnson County, Kansas, USA","0.0020880314","1273.4130859375","609863"
"Williamson County, Texas, USA","0.0020344194","1238.9959716796875","609017"
"Brevard County, Florida, USA","0.0014985419","909.0335083007812","606612"
"Washington County, Oregon, USA","0.0033973405","2039.6680908203125","600372"
"Anne Arundel County, Maryland, USA","0.00224039","1317.9228515625","588256"
"Baltimore city-County, Maryland, USA","0.0064730051","3791.362060546875","585719"
"Douglas County, Nebraska, USA","0.0027816123","1625.9246826171875","584526"
"Jefferson County, Colorado, USA","0.0025735059","1500.0888671875","582897"
"Bristol County, Massachusetts, USA","0.0027561473","1596.6361083984375","579300"
"Delaware County, Pennsylvania, USA","0.0042830021","2471.15087890625","576967"
"Union County, New Jersey, USA","0.0065171891","3749.723388671875","575359"
"New Castle County, Delaware, USA","0.0027596415","1574.593505859375","570579"
"South Central Connecticut Planning Region, Connecticut, USA","0.0030271568","1726.414794921875","570309"
"Pasco County, Florida, USA","0.0016472713","925.5440673828125","561865"
"Dane County, Wisconsin, USA","0.003098497","1739.8184814453125","561504"
"Volusia County, Florida, USA","0.001504585","832.8524780273438","553543"
"Lancaster County, Pennsylvania, USA","0.0020558798","1136.86865234375","552984"
"Stanislaus County, California, USA","0.0036012471","1991.05029296875","552878"
"Ramsey County, Minnesota, USA","0.0036990422","2043.17333984375","552352"
"Guilford County, North Carolina, USA","0.0017332628","938.263671875","541328"
"Summit County, Ohio, USA","0.0019345177","1045.467529296875","540428"
"Spokane County, Washington, USA","0.0023619334","1273.8828125","539339"
"Montgomery County, Ohio, USA","0.0022196359","1192.63037109375","537309"
"Chester County, Pennsylvania, USA","0.0014572179","778.7561645507812","534413"
"Plymouth County, Massachusetts, USA","0.0017763832","942.238037109375","530425"
"Greenville County, South Carolina, USA","0.0014127376","742.427490234375","525524"
"Passaic County, New Jersey, USA","0.0091672359","4806.904296875","524357"
"Sedgwick County, Kansas, USA","0.0021088876","1104.6859130859375","523824"
"Camden County, New Jersey, USA","0.0035022787","1833.390380859375","523485"
"Adams County, Colorado, USA","0.0037659513","1956.6790771484375","519571"
"Kane County, Illinois, USA","0.002778859","1435.341796875","516522"
"Morris County, New Jersey, USA","0.0019494456","992.65771484375","509200"
"Clark County, Washington, USA","0.0029425113","1480.998291015625","503311"
"Lake County, Indiana, USA","0.00230622","1150.1119384765625","498700"
"Richmond County, New York, USA","0.009451413","4685.22607421875","495717"
"Ada County, Idaho, USA","0.0027841628","1378.0687255859375","494967"
"Polk County, Iowa, USA","0.0025606883","1260.885498046875","492401"
"Sonoma County, California, USA","0.003283942","1605.34521484375","488847"
"Washoe County, Nevada, USA","0.0033078086","1609.222412109375","486492"
"Prince William County, Virginia, USA","0.003440418","1659.07275390625","482230"
"Knox County, Tennessee, USA","0.0016879218","808.447021484375","478960"
"Onondaga County, New York, USA","0.0028828018","1373.701171875","476516"
"Tulare County, California, USA","0.003092616","1463.169189453125","473117"
"Seminole County, Florida, USA","0.0025126609","1183.1014404296875","470856"
"Hampden County, Massachusetts, USA","0.0031953818","1488.5494384765625","465844"
"Burlington County, New Jersey, USA","0.0021597003","997.4791870117188","461860"
"Virginia Beach city-County, Virginia, USA","0.0037429247","1719.8514404296875","459494"
"East Baton Rouge Parish, Louisiana, USA","0.0023544577","1075.4715576171875","456781"
"York County, Pennsylvania, USA","0.0020357354","929.18701171875","456438"
"Solano County, California, USA","0.0044141595","2001.7816162109375","453491"
"Naugatuck Valley Planning Region, Connecticut, USA","0.002457747","1106.9495849609375","450392"
"Santa Barbara County, California, USA","0.0052256744","2342.298828125","448229"
"Jefferson Parish, Louisiana, USA","0.0046065827","2030.489501953125","440780"
"Dakota County, Minnesota, USA","0.0026644031","1172.02294921875","439882"
"Monterey County, California, USA","0.0054231108","2380.615478515625","438976"
"Sarasota County, Florida, USA","0.0020665073","896.8765869140625","434006"
"Lucas County, Ohio, USA","0.002933663","1265.250732421875","431287"
"Berks County, Pennsylvania, USA","0.0041090244","1762.1510009765625","428849"
"Pinal County, Arizona, USA","0.0024492548","1041.567626953125","425259"
"Hillsborough County, New Hampshire, USA","0.0027179531","1149.52294921875","422937"
"Clackamas County, Oregon, USA","0.0028507565","1201.3287353515625","421407"
"Loudoun County, Virginia, USA","0.0036236612","1525.3294677734375","420936"
"Cameron County, Texas, USA","0.0027426366","1153.5364990234375","420594"
"Richland County, South Carolina, USA","0.0022044504","917.3754272460938","416147"
"Mobile County, Alabama, USA","0.0015915654","660.0556030273438","414721"
"Charleston County, South Carolina, USA","0.0023762386","970.0780029296875","408241"
"Waukesha County, Wisconsin, USA","0.0017186536","699.4542236328125","406978"
"Genesee County, Michigan, USA","0.0015442231","627.2803955078125","406211"
"St. Charles County, Missouri, USA","0.002842323","1151.885498046875","405262"
"Placer County, California, USA","0.0031279278","1265.994384765625","404739"
"Orange County, New York, USA","0.0032113","1288.726806640625","401310"
"Manatee County, Florida, USA","0.0027462098","1097.6875","399710"
"Pulaski County, Arkansas, USA","0.002226459","888.6354370117188","399125"
"Butler County, Ohio, USA","0.0026757289","1044.489501953125","390357"
"Osceola County, Florida, USA","0.0029676099","1153.37939453125","388656"
"Madison County, Alabama, USA","0.0017196283","667.4788818359375","388153"
"Mercer County, New Jersey, USA","0.005799915","2246.5390625","387340"
"Allen County, Indiana, USA","0.0026360945","1015.9771728515625","385410"
"Orleans Parish, Louisiana, USA","0.006287463","2414.366943359375","383997"
"Lake County, Florida, USA","0.0016153303","620.2157592773438","383956"
"Lane County, Oregon, USA","0.0036904232","1413.3250732421875","382971"
"Forsyth County, North Carolina, USA","0.0018906467","723.3160400390625","382576"
"Marion County, Florida, USA","0.0012975144","487.74603271484375","375908"
"Collier County, Florida, USA","0.0022129936","831.516845703125","375743"
"Stark County, Ohio, USA","0.002277892","853.8746337890625","374853"
"Lehigh County, Pennsylvania, USA","0.0056351616","2110.689208984375","374557"
"Washtenaw County, Michigan, USA","0.0038287556","1425.284912109375","372258"
"Brazoria County, Texas, USA","0.0023907989","889.6616821289062","372119"
"Bell County, Texas, USA","0.0028385189","1052.0885009765625","370647"
"Hamilton County, Tennessee, USA","0.0018374779","672.8843994140625","366200"
"Chesterfield County, Virginia, USA","0.0021194819","772.6528930664062","364548"
"Anoka County, Minnesota, USA","0.0026560987","966.519775390625","363887"
"Davis County, Utah, USA","0.0040448928","1466.9976806640625","362679"
"Larimer County, Colorado, USA","0.0033915928","1217.8056640625","359066"
"Douglas County, Colorado, USA","0.0036465741","1305.393310546875","357978"
"Westmoreland County, Pennsylvania, USA","0.0016809651","596.1559448242188","354651"
"Nueces County, Texas, USA","0.0042933936","1516.2076416015625","353149"
"Horry County, South Carolina, USA","0.0015448596","542.29052734375","351029"
"Galveston County, Texas, USA","0.0031767233","1113.7210693359375","350588"
"Hamilton County, Indiana, USA","0.002644514","918.88134765625","347467"
"Marion County, Oregon, USA","0.0045845021","1585.8709716796875","345920"
"Somerset County, New Jersey, USA","0.0035740884","1233.8360595703125","345217"
"San Juan Municipio, Puerto Rico, USA","0.0107113832","3664.3427734375","342098"
"Rutherford County, Tennessee, USA","0.0027062323","924.1404418945312","341486"
"Rockland County, New York, USA","0.006789409","2297.053955078125","338329"
"Cumberland County, North Carolina, USA","0.0022477605","752.3883666992188","334728"
"Henrico County, Virginia, USA","0.0035111267","1174.1839599609375","334418"
"Howard County, Maryland, USA","0.0038014167","1263.275390625","332317"
"Boulder County, Colorado, USA","0.0052289014","1729.5009765625","330758"
"St. Lucie County, Florida, USA","0.0030763646","1012.8192138671875","329226"
"Weld County, Colorado, USA","0.0033207654","1092.425537109375","328968"
"Spartanburg County, South Carolina, USA","0.0012767864","418.7948913574219","328007"
"Greater Bridgeport Planning Region, Connecticut, USA","0.007771631","2531.826416015625","325778"
"Luzerne County, Pennsylvania, USA","0.0039137813","1274.3037109375","325594"
"Durham County, North Carolina, USA","0.0033562705","1090.2274169921875","324833"
"Lancaster County, Nebraska, USA","0.0047930359","1546.271728515625","322608"
"Fayette County, Kentucky, USA","0.0051546974","1662.750732421875","322570"
"Escambia County, Florida, USA","0.0024650932","793.5258178710938","321905"
"Albany County, New York, USA","0.0050534123","1591.0567626953125","314848"
"Rockingham County, New Hampshire, USA","0.0012882297","404.57110595703125","314052"
"Lorain County, Ohio, USA","0.0027671204","865.9896850585938","312957"
"Northampton County, Pennsylvania, USA","0.0041515296","1299.225341796875","312951"
"Lubbock County, Texas, USA","0.0041398662","1286.00390625","310639"
"McHenry County, Illinois, USA","0.0027412987","850.4303588867188","310229"
"Cumberland County, Maine, USA","0.0027036109","819.3130493164062","303044"
"Gloucester County, New Jersey, USA","0.002970324","897.9111328125","302294"
"St. Louis city-County, Missouri, USA","0.0084654732","2553.00048828125","301578"
"Greene County, Missouri, USA","0.003143299","939.5792236328125","298915"
"Clayton County, Georgia, USA","0.0039773747","1183.531494140625","297566"
"Ottawa County, Michigan, USA","0.0025427162","753.1525268554688","296200"
"Dutchess County, New York, USA","0.0025441187","752.8327026367188","295911"
"Cleveland County, Oklahoma, USA","0.0039504282","1167.462158203125","295528"
"Chatham County, Georgia, USA","0.0034680646","1023.5680541992188","295141"
"Thurston County, Washington, USA","0.0028800659","849.0232543945312","294793"
"Lexington County, South Carolina, USA","0.0016212213","476.6244812011719","293991"
"Leon County, Florida, USA","0.0038493232","1124.7645263671875","292198"
"Anchorage Municipality, Alaska, USA","0.0052777733","1535.3411865234375","290907"
"Dauphin County, Pennsylvania, USA","0.0041755714","1195.8878173828125","286401"
"Winnebago County, Illinois, USA","0.0035166168","1003.4666137695312","285350"
"Ingham County, Michigan, USA","0.0042248184","1203.6507568359375","284900"
"Benton County, Arkansas, USA","0.0022125585","629.085693359375","284325"
"San Luis Obispo County, California, USA","0.0039871199","1125.99853515625","282409"
"York County, South Carolina, USA","0.0021953695","619.3203125","282103"
"Merced County, California, USA","0.005286654","1486.61767578125","281202"
"Southeastern Connecticut Planning Region, Connecticut, USA","0.0024312482","681.7560424804688","280414"
"Alachua County, Florida, USA","0.0044078102","1227.43408203125","278468"
"Kitsap County, Washington, USA","0.0028818773","792.6949462890625","275062"
"Atlantic County, New Jersey, USA","0.0040281713","1105.7813720703125","274512"
"St. Johns County, Florida, USA","0.0022536622","616.2075805664062","273425"
"St. Joseph County, Indiana, USA","0.0037600454","1026.1614990234375","272912"
"Frederick County, Maryland, USA","0.0037940543","1030.9090576171875","271717"
"Erie County, Pennsylvania, USA","0.0041139899","1114.3564453125","270870"
"Santa Cruz County, California, USA","0.0065298605","1768.5670166015625","270843"
"Buncombe County, North Carolina, USA","0.0019328342","520.7770385742188","269437"
"Brown County, Wisconsin, USA","0.0036210907","972.4113159179688","268541"
"Washington County, Minnesota, USA","0.0031194057","834.6531372070312","267568"
"Webb County, Texas, USA","0.0075520734","2017.2645263671875","267114"
"Cherokee County, Georgia, USA","0.0025178927","671.320556640625","266620"
"Madison County, Illinois, USA","0.002701772","718.2904052734375","265859"
"St. Tammany Parish, Louisiana, USA","0.0022535538","596.2227172851562","264570"
"Marin County, California, USA","0.0053494747","1402.8890380859375","262248"
"Weber County, Utah, USA","0.0052962743","1388.804931640625","262223"
"Kalamazoo County, Michigan, USA","0.0033452698","875.3567504882812","261670"
"Harford County, Maryland, USA","0.003566566","930.6026611328125","260924"
"McLennan County, Texas, USA","0.003612306","941.2910766601562","260579"
"Cumberland County, Pennsylvania, USA","0.0033082137","858.37890625","259469"
"St. Clair County, Illinois, USA","0.0027319644","703.2076416015625","257400"
"Yakima County, Washington, USA","0.0041687886","1070.2447509765625","256728"
"Jefferson County, Texas, USA","0.0039429987","1011.481689453125","256526"
"Clay County, Missouri, USA","0.0037662225","954.115966796875","253335"
"Forsyth County, Georgia, USA","0.0025403261","638.3407592773438","251283"
"Chesapeake city-County, Virginia, USA","0.0046334122","1155.6749267578125","249422"
"Williamson County, Tennessee, USA","0.0028778816","712.9260864257812","247726"
"Washington County, Arkansas, USA","0.0037129605","912.9093017578125","245871"
"Warren County, Ohio, USA","0.0029605933","717.4613037109375","242337"
"Lafayette Parish, Louisiana, USA","0.0032317625","781.2882690429688","241753"
"Hays County, Texas, USA","0.0038619037","930.9775390625","241067"
"Henry County, Georgia, USA","0.0022824029","549.4679565429688","240741"
"Arlington County, Virginia, USA","0.0213418823","5093.0908203125","238643"
"Union County, North Carolina, USA","0.0022604505","538.5907592773438","238267"
"Norfolk city-County, Virginia, USA","0.0083279856","1981.90234375","237981"
"Caddo Parish, Louisiana, USA","0.0030660267","728.8251953125","237710"
"Sussex County, Delaware, USA","0.0014182673","336.66546630859375","237378"
"Yavapai County, Arizona, USA","0.002353573","555.9351196289062","236209"
"Saratoga County, New York, USA","0.0021631036","509.43035888671875","235509"
"Brazos County, Texas, USA","0.0061915904","1447.897216796875","233849"
"Smith County, Texas, USA","0.0024506867","572.1397705078125","233461"
"Lake County, Ohio, USA","0.0038942824","905.82177734375","232603"
"Oneida County, New York, USA","0.0044495343","1032.84814453125","232125"
"Baldwin County, Alabama, USA","0.0014053181","325.70635986328125","231767"
"Canyon County, Idaho, USA","0.004546219","1050.6539306640625","231105"
"Linn County, Iowa, USA","0.0044857165","1033.0560302734375","230299"
"Berkeley County, South Carolina, USA","0.0033919252","779.6713256835938","229861"
"Montgomery County, Alabama, USA","0.0036791901","842.3652954101562","228954"
"Barnstable County, Massachusetts, USA","0.0017115237","391.35357666015625","228658"
"Mahoning County, Ohio, USA","0.0033537811","766.7213134765625","228614"
"Gaston County, North Carolina, USA","0.0023951981","545.9375","227930"
"Hinds County, Mississippi, USA","0.0031246665","711.6177978515625","227742"
"Tuscaloosa County, Alabama, USA","0.0030619523","695.1734008789062","227036"
"Whatcom County, Washington, USA","0.0042193587","957.0813598632812","226831"
"Richmond city-County, Virginia, USA","0.0097220802","2202.7900390625","226576"
"Jefferson County, Missouri, USA","0.0022995438","520.97314453125","226555"
"Cabarrus County, North Carolina, USA","0.0029556659","667.4011840820312","225804"
"New Hanover County, North Carolina, USA","0.0040013704","900.5524291992188","225061"
"Jackson County, Oregon, USA","0.0049374158","1102.322509765625","223259"
"Shelby County, Alabama, USA","0.0022771764","507.8832092285156","223032"
"Montgomery County, Tennessee, USA","0.0031286696","688.523193359375","220069"
"Doña Ana County, New Mexico, USA","0.0040760276","894.9367065429688","219561"
"Clay County, Florida, USA","0.0034277352","748.0860595703125","218245"
"Calcasieu Parish, Louisiana, USA","0.0030533863","661.9283447265625","216785"
"Yolo County, California, USA","0.0089652503","1940.1070556640625","216403"
"Johnston County, North Carolina, USA","0.0015981107","345.1903076171875","215999"
"Lackawanna County, Pennsylvania, USA","0.0061216863","1321.6475830078125","215896"
"Delaware County, Ohio, USA","0.0037467158","802.2617797851562","214124"
"Mohave County, Arizona, USA","0.0030724901","655.2607421875","213267"
"Niagara County, New York, USA","0.0044445485","945.204345703125","212666"
"York County, Maine, USA","0.0020140769","426.78692626953125","211902"
"Okaloosa County, Florida, USA","0.0037537371","794.5460205078125","211668"
"Butte County, California, USA","0.005801296","1227.7398681640625","211632"
"Washington County, Pennsylvania, USA","0.0025437344","532.5282592773438","209349"
"Clermont County, Ohio, USA","0.002731","569.6893310546875","208601"
"Harrison County, Mississippi, USA","0.0029488388","615.0864868164062","208586"
"Elkhart County, Indiana, USA","0.0033464146","692.8651123046875","207047"
"Muscogee County, Georgia, USA","0.0047564696","984.2182006835938","206922"
"Benton County, Washington, USA","0.0055726901","1152.839111328125","206873"
"Richmond County, Georgia, USA","0.00390773","807.3643798828125","206607"
"Champaign County, Illinois, USA","0.009112758","1875.9979248046875","205865"
"Onslow County, North Carolina, USA","0.0024005779","491.1006164550781","204576"
"Yuma County, Arizona, USA","0.0063508074","1294.8089599609375","203881"
"Anderson County, South Carolina, USA","0.0015732448","320.498291015625","203718"
"Hall County, Georgia, USA","0.0022731681","461.76226806640625","203136"
"Trumbull County, Ohio, USA","0.0028415484","573.8876342773438","201963"
"Hawaii County, Hawaii, USA","0.0021830295","437.78472900390625","200540"
"St. Louis County, Minnesota, USA","0.0033741366","675.2490844726562","200125"
"Broome County, New York, USA","0.005552736","1103.2342529296875","198683"
"Deschutes County, Oregon, USA","0.0046853867","928.8919677734375","198253"
"Racine County, Wisconsin, USA","0.0059224824","1171.03466796875","197727"
"Minnehaha County, South Dakota, USA","0.0062654237","1235.6292724609375","197214"
"Sangamon County, Illinois, USA","0.0043156729","847.3521728515625","196343"
"Sumner County, Tennessee, USA","0.002658012","521.8023071289062","196313"
"Hernando County, Florida, USA","0.0033560086","652.7940063476562","194515"
"Livingston County, Michigan, USA","0.0017220116","333.8395080566406","193866"
"Butler County, Pennsylvania, USA","0.0024362438","472.06365966796875","193767"
"Ellis County, Texas, USA","0.0027095886","521.473876953125","192455"
"El Dorado County, California, USA","0.002843883","543.707763671875","191185"
"Outagamie County, Wisconsin, USA","0.0047931281","914.073486328125","190705"
"Sarpy County, Nebraska, USA","0.0061451045","1171.281494140625","190604"
"Saginaw County, Michigan, USA","0.0034166185","649.5811767578125","190124"
"Santa Rosa County, Florida, USA","0.0025848842","485.9582214355469","188000"
"Beaufort County, South Carolina, USA","0.0023173917","433.6233825683594","187117"
"Charlotte County, Florida, USA","0.0031285275","584.54345703125","186843"
"Iredell County, North Carolina, USA","0.0021752137","406.09716796875","186693"
"Tippecanoe County, Indiana, USA","0.0073081134","1361.1434326171875","186251"
"Newport News city-County, Virginia, USA","0.0079770921","1485.366455078125","186204"
"DeSoto County, Mississippi, USA","0.0034763005","644.2071533203125","185314"
"Bayamón Municipio, Puerto Rico, USA","0.0139458229","2582.515380859375","185182"
"Cass County, North Dakota, USA","0.0077028853","1421.7369384765625","184572"
"Boone County, Missouri, USA","0.0050548844","928.1273193359375","183610"
"Medina County, Ohio, USA","0.0035012628","638.8754272460938","182470"
"Shasta County, California, USA","0.0035400977","644.8464965820312","182155"
"Kent County, Delaware, USA","0.0032784939","596.2432861328125","181865"
"Ulster County, New York, USA","0.0025168394","457.68975830078125","181851"
"Peoria County, Illinois, USA","0.0053199263","967.3222045898438","181830"
"Kanawha County, West Virginia, USA","0.0031142698","562.8544311523438","180734"
"Washington County, Utah, USA","0.0051040604","920.1549072265625","180279"
"Vanderburgh County, Indiana, USA","0.0053674605","966.8728637695312","180136"
"Johnson County, Texas, USA","0.0030619431","550.9905395507812","179948"
"Imperial County, California, USA","0.0085675858","1539.6123046875","179702"
"Shawnee County, Kansas, USA","0.0048801747","873.107177734375","178909"
"Licking County, Ohio, USA","0.0034851331","622.1624755859375","178519"
"Muskegon County, Michigan, USA","0.0037171904","653.5712890625","175824"
"Bay County, Florida, USA","0.0033824075","592.6519165039062","175216"
"Hendricks County, Indiana, USA","0.0041524645","725.8009643554688","174788"
"Scott County, Iowa, USA","0.0062756562","1096.16259765625","174669"
"Lee County, Alabama, USA","0.0039149908","682.1519165039062","174241"
"Lower Connecticut River Valley Planning Region, Connecticut, USA","0.0029378552","511.6656799316406","174163"
"Porter County, Indiana, USA","0.0038908266","673.9495239257812","173215"
"Carroll County, Maryland, USA","0.0029576012","511.3426208496094","172891"
"Guadalupe County, Texas, USA","0.0050955582","879.9774169921875","172695"
"Winnebago County, Wisconsin, USA","0.0060830097","1044.63525390625","171730"
"Kootenai County, Idaho, USA","0.0050319943","862.2926025390625","171362"
"Alamance County, North Carolina, USA","0.0034770852","595.72900390625","171330"
"McLean County, Illinois, USA","0.0071317627","1219.203369140625","170954"
"Kent County, Rhode Island, USA","0.0059442025","1012.5532836914062","170343"
"Pitt County, North Carolina, USA","0.0041579417","707.8604736328125","170243"
"Midland County, Texas, USA","0.0064395406","1094.6124267578125","169983"
"Wyandotte County, Kansas, USA","0.0070720324","1196.9061279296875","169245"
"Kenosha County, Wisconsin, USA","0.0072336238","1223.57470703125","169151"
"Kenton County, Kentucky, USA","0.0067814469","1146.49853515625","169064"
"Davidson County, North Carolina, USA","0.0018975589","320.55462646484375","168930"
"Aiken County, South Carolina, USA","0.0021918806","370.0069885253906","168808"
"Paulding County, Georgia, USA","0.0025059565","422.6571350097656","168661"
"Chittenden County, Vermont, USA","0.0064005783","1077.4925537109375","168343"
"Monroe County, Pennsylvania, USA","0.0021259693","357.8580322265625","168327"
"Beaver County, Pennsylvania, USA","0.0034076401","573.2161865234375","168215"
"Pueblo County, Colorado, USA","0.0064063155","1077.298828125","168162"
"Greene County, Ohio, USA","0.0047124111","791.5248413085938","167966"
"Charles County, Maryland, USA","0.0047647153","793.882568359375","166617"
"Ector County, Texas, USA","0.0065234344","1077.482177734375","165171"
"Yellowstone County, Montana, USA","0.005876678","968.071044921875","164731"
"Maui County, Hawaii, USA","0.0073601257","1211.300048828125","164576"
"Rock County, Wisconsin, USA","0.005371285","879.2095336914062","163687"
"Houston County, Georgia, USA","0.0044077905","721.2291259765625","163626"
"Olmsted County, Minnesota, USA","0.0059563408","969.9722290039062","162847"
"Hampshire County, Massachusetts, USA","0.0050392195","817.9056396484375","162308"
"Portage County, Ohio, USA","0.0037258268","602.8052368164062","161791"
"Johnson County, Indiana, USA","0.0055807104","902.7636108398438","161765"
"Dorchester County, South Carolina, USA","0.0054103762","873.959716796875","161534"
"Comal County, Texas, USA","0.0030746151","496.55340576171875","161501"
"Rensselaer County, New York, USA","0.0053764563","866.3084106445312","161130"
"Catawba County, North Carolina, USA","0.0023458257","376.7513427734375","160605"
"St. Clair County, Michigan, USA","0.0029761647","477.3232421875","160382"
"Ouachita Parish, Louisiana, USA","0.0033550379","538.0407104492188","160368"
"Jackson County, Michigan, USA","0.0034861455","559.0592041015625","160366"
"Indian River County, Florida, USA","0.0043441929","694.14990234375","159788"
"Alexandria city-County, Virginia, USA","0.0295123976","4707.109375","159496"
"Fairfield County, Ohio, USA","0.004857112","771.8970947265625","158921"
"Martin County, Florida, USA","0.0044514215","705.2431640625","158431"
"Stearns County, Minnesota, USA","0.0046251127","732.1183471679688","158292"
"Centre County, Pennsylvania, USA","0.0099493564","1573.7095947265625","158172"
"Sullivan County, Tennessee, USA","0.0026940603","426.0467834472656","158143"
"Schenectady County, New York, USA","0.0102672562","1622.852783203125","158061"
"Bibb County, Georgia, USA","0.0040235398","633.087890625","157346"
"Rankin County, Mississippi, USA","0.0030713583","482.2984619140625","157031"
"Stafford County, Virginia, USA","0.0049766178","780.9656982421875","156927"
"Madera County, California, USA","0.008008807","1251.4161376953125","156255"
"Columbia County, Georgia, USA","0.0045007542","702.1626586914062","156010"
"Franklin County, Pennsylvania, USA","0.0032972723","514.1502685546875","155932"
"Mesa County, Colorado, USA","0.0063705238","991.90966796875","155703"
"Carolina Municipio, Puerto Rico, USA","0.0171576562","2656.79443359375","154846"
"Santa Fe County, New Mexico, USA","0.0049664344","768.9182739257812","154823"
"Washington County, Maryland, USA","0.0052994423","819.8502197265625","154705"
"Monroe County, Michigan, USA","0.0032949938","509.32037353515625","154574"
"Canadian County, Oklahoma, USA","0.0053829901","831.1605834960938","154405"
"Berrien County, Michigan, USA","0.0030629738","472.6658630371094","154316"
"Cumberland County, New Jersey, USA","0.0061687117","950.9192504882812","154152"
"Citrus County, Florida, USA","0.0020548566","316.12530517578125","153843"
"Merrimack County, New Hampshire, USA","0.0026876709","413.42828369140625","153824"
"Johnson County, Iowa, USA","0.008534667","1304.5579833984375","152854"
"Kings County, California, USA","0.009711115","1480.80908203125","152486"
"Penobscot County, Maine, USA","0.002816497","428.66802978515625","152199"
"Scott County, Minnesota, USA","0.005416145","817.4479370117188","150928"
"Sandoval County, New Mexico, USA","0.0060931478","906.8675537109375","148834"
"Orange County, North Carolina, USA","0.0061643957","917.1449584960938","148781"
"Parker County, Texas, USA","0.0018494605","274.1307373046875","148222"
"Wilson County, Tennessee, USA","0.0032413774","479.0237121582031","147784"
"Rowan County, North Carolina, USA","0.0023696528","348.0427551269531","146875"
"Coweta County, Georgia, USA","0.0030218863","441.6728515625","146158"
"Kaufman County, Texas, USA","0.0041038559","596.331298828125","145310"
"Coconino County, Arizona, USA","0.0072141375","1046.778564453125","145101"
"Rock Island County, Illinois, USA","0.0075407207","1090.93115234375","144672"
"Douglas County, Georgia, USA","0.0036986119","533.4766845703125","144237"
"Sussex County, New Jersey, USA","0.0027494935","396.5346984863281","144221"
"Randolph County, North Carolina, USA","0.0018673186","269.1851806640625","144156"
"Lebanon County, Pennsylvania, USA","0.0069410134","994.3487548828125","143257"
"Taylor County, Texas, USA","0.0063803662","913.719482421875","143208"
"Jackson County, Mississippi, USA","0.0035654226","510.1228332519531","143075"
"Schuylkill County, Pennsylvania, USA","0.0041809285","598.07763671875","143049"
"Livingston Parish, Louisiana, USA","0.0024671176","351.02642822265625","142282"
"Wright County, Minnesota, USA","0.0032285318","456.3110046386719","141337"
"Randall County, Texas, USA","0.0080556589","1133.858154296875","140753"
"Spotsylvania County, Virginia, USA","0.0044447451","622.55322265625","140065"
"Monroe County, Indiana, USA","0.0086155292","1203.7445068359375","139718"
"Napa County, California, USA","0.0120935114","1669.2069091796875","138025"
"Marathon County, Wisconsin, USA","0.0035664666","492.21875","138013"
"Ponce Municipio, Puerto Rico, USA","0.0125170275","1720.8409423828125","137480"
"Florence County, South Carolina, USA","0.0030545736","418.65679931640625","137059"
"Hampton city-County, Virginia, USA","0.0102741383","1407.9576416015625","137039"
"Washington County, Wisconsin, USA","0.0040830213","558.3980712890625","136761"
"Brunswick County, North Carolina, USA","0.0020628703","281.7922058105469","136602"
"Humboldt County, California, USA","0.0063928761","872.3910522460938","136463"
"Clark County, Ohio, USA","0.0058847898","800.2902221679688","135993"
"Boone County, Kentucky, USA","0.006614967","899.423828125","135968"
"Grayson County, Texas, USA","0.0035065074","475.28253173828125","135543"
"Blount County, Tennessee, USA","0.0029271568","395.98284912109375","135279"
"Warren County, Kentucky, USA","0.0059468353","800.1704711914062","134554"
"Calhoun County, Michigan, USA","0.0043300147","581.5642700195312","134310"
"Harnett County, North Carolina, USA","0.0023053342","307.91888427734375","133568"
"Cambria County, Pennsylvania, USA","0.0036149272","482.462646484375","133464"
"Tangipahoa Parish, Louisiana, USA","0.0023766523","316.4678955078125","133157"
"Cache County, Utah, USA","0.0084381505","1123.573486328125","133154"
"Washington County, Tennessee, USA","0.0039821409","529.6287231445312","133001"
"Wood County, Ohio, USA","0.0056580307","748.2632446289062","132248"
"Kendall County, Illinois, USA","0.0071323474","940.5355224609375","131869"
"Pickens County, South Carolina, USA","0.0040452582","531.5631103515625","131404"
"Tazewell County, Illinois, USA","0.0053770842","706.2423706054688","131343"
"Black Hawk County, Iowa, USA","0.0071932978","943.3578491210938","131144"
"Strafford County, New Hampshire, USA","0.0051537966","674.3485107421875","130845"
"Madison County, Indiana, USA","0.0045218801","588.427734375","130129"
"Rapides Parish, Louisiana, USA","0.003270881","425.2897644042969","130023"
"Washington County, Rhode Island, USA","0.0036900301","478.9179382324219","129787"
"Sumter County, Florida, USA","0.0055705159","722.7855834960938","129752"
"Skagit County, Washington, USA","0.005946953","770.011474609375","129480"
"Wichita County, Texas, USA","0.0066284274","857.3870849609375","129350"
"Berkshire County, Massachusetts, USA","0.0046473821","599.6331176757812","129026"
"Hunterdon County, New Jersey, USA","0.0025967595","334.85992431640625","128953"
"Bossier Parish, Louisiana, USA","0.0050317653","648.5140380859375","128884"
"Fayette County, Pennsylvania, USA","0.0031456473","405.153076171875","128798"
"Clarke County, Georgia, USA","0.0078590504","1011.2318725585938","128671"
"Linn County, Oregon, USA","0.0072388611","930.9899291992188","128610"
"Sebastian County, Arkansas, USA","0.0060560024","773.9510498046875","127799"
"Chautauqua County, New York, USA","0.0052842361","673.5762939453125","127469"
"Caguas Municipio, Puerto Rico, USA","0.0138429427","1761.5006103515625","127249"
"Ascension Parish, Louisiana, USA","0.0042314415","535.27734375","126500"
"Cochise County, Arizona, USA","0.0047664527","597.9371948242188","125447"
"Richland County, Ohio, USA","0.0049321786","616.2066650390625","124936"
"Gregg County, Texas, USA","0.0050477925","627.1326904296875","124239"
"Bonneville County, Idaho, USA","0.0089280779","1106.76025390625","123964"
"Kennebec County, Maine, USA","0.0024491268","302.81494140625","123642"
"Faulkner County, Arkansas, USA","0.004955188","611.955810546875","123498"
"Morgan County, Alabama, USA","0.004054757","500.4421691894531","123421"
"Saline County, Arkansas, USA","0.0032226952","397.7321472167969","123416"
"Blair County, Pennsylvania, USA","0.00697999","857.3521728515625","122830"
"Jasper County, Missouri, USA","0.0052516864","644.7022705078125","122761"
"Berkeley County, West Virginia, USA","0.0039336212","480.20074462890625","122076"
"San Juan County, New Mexico, USA","0.0038565611","469.1930847167969","121661"
"Comanche County, Oklahoma, USA","0.0062810782","760.7955932617188","121125"
"Clark County, Indiana, USA","0.0060098855","727.7550659179688","121093"
"La Crosse County, Wisconsin, USA","0.0093552648","1129.96630859375","120784"
"Allegan County, Michigan, USA","0.0021724425","261.7836608886719","120502"
"Tom Green County, Texas, USA","0.0072146497","865.7796020507812","120003"
"Fayette County, Georgia, USA","0.0038529744","459.2514343261719","119194"
"Carroll County, Georgia, USA","0.0025872146","308.2614440917969","119148"
"Gallatin County, Montana, USA","0.0073112996","869.752197265625","118960"
"Douglas County, Kansas, USA","0.0105816396","1256.9400634765625","118785"
"Potter County, Texas, USA","0.009306655","1103.0712890625","118525"
"Lowndes County, Georgia, USA","0.0054242912","641.4278564453125","118251"
"Sheboygan County, Wisconsin, USA","0.0077348127","912.9708862304688","118034"
"Missoula County, Montana, USA","0.0078197499","922.1205444335938","117922"
"Oswego County, New York, USA","0.0036270523","426.2693176269531","117525"
"Wayne County, North Carolina, USA","0.0026171335","307.0499572753906","117323"
"Wayne County, Ohio, USA","0.0035189678","411.3462219238281","116894"
"Robeson County, North Carolina, USA","0.0017241256","200.912353515625","116530"
"Calhoun County, Alabama, USA","0.0029818527","347.1830749511719","116432"
"Jefferson County, New York, USA","0.0045267153","526.9956665039062","116419"
"Henderson County, North Carolina, USA","0.0028705997","333.8392639160156","116296"
"Flagler County, Florida, USA","0.0056425446","651.0255126953125","115378"
"Lycoming County, Pennsylvania, USA","0.0061695218","704.4853515625","114188"
"St. Mary's County, Maryland, USA","0.0032975751","375.1882019042969","113777"
"Northwest Hills Planning Region, Connecticut, USA","0.0037801249","425.275390625","112503"
"Newton County, Georgia, USA","0.0039372703","442.8759765625","112483"
"Ontario County, New York, USA","0.0039944519","449.20806884765625","112458"
"Albemarle County, Virginia, USA","0.0063913193","718.6143798828125","112436"
"LaPorte County, Indiana, USA","0.0058787654","660.8731689453125","112417"
"Delaware County, Indiana, USA","0.0077098764","862.75830078125","111903"
"Craighead County, Arkansas, USA","0.0055608251","618.5361328125","111231"
"Douglas County, Oregon, USA","0.0041224165","458.4168395996094","111201"
"Androscoggin County, Maine, USA","0.0072188341","802.2940063476562","111139"
"Cowlitz County, Washington, USA","0.0073901486","818.3111572265625","110730"
"Hardin County, Kentucky, USA","0.0040787002","451.5325012207031","110705"
"Mercer County, Pennsylvania, USA","0.0044106384","488.04595947265625","110652"
"Hanover County, Virginia, USA","0.0041830012","460.0632019042969","109984"
"LaSalle County, Illinois, USA","0.0058993625","646.9122924804688","109658"
"Warren County, New Jersey, USA","0.0067126378","735.8125","109616"
"Terrebonne Parish, Louisiana, USA","0.0064708507","708.9852294921875","109566"
"Pennington County, South Dakota, USA","0.0071023213","775.729736328125","109222"
"Eaton County, Michigan, USA","0.0049092576","535.9682006835938","109175"
"Madison County, Mississippi, USA","0.0049477034","540.01708984375","109145"
"Bartow County, Georgia, USA","0.003559791","387.664794921875","108901"
"Miami County, Ohio, USA","0.0061996392","674.3595581054688","108774"
"Bradley County, Tennessee, USA","0.0044711017","485.65106201171875","108620"
"St. Lawrence County, New York, USA","0.0031735277","344.3436279296875","108505"
"Cass County, Missouri, USA","0.0055097174","594.0797729492188","107824"
"Rockwall County, Texas, USA","0.0076458943","824.3726806640625","107819"
"Yamhill County, Oregon, USA","0.0096691332","1041.578369140625","107722"
"Kankakee County, Illinois, USA","0.0073777839","793.1265258789062","107502"
"Houston County, Alabama, USA","0.0039453491","422.9493103027344","107202"
"Matanuska-Susitna Borough, Alaska, USA","0.0022219743","237.9312286376953","107081"
"Carver County, Minnesota, USA","0.005883087","629.0314331054688","106922"
"Platte County, Missouri, USA","0.0070911816","756.7567138671875","106718"
"Navajo County, Arizona, USA","0.002254502","240.59368896484375","106717"
"Walworth County, Wisconsin, USA","0.0045237785","481.6828918457031","106478"
"Vigo County, Indiana, USA","0.0066736967","708.4329223632812","106153"
"Woodbury County, Iowa, USA","0.011786584","1248.6824951171875","105941"
"Monongalia County, West Virginia, USA","0.0103143405","1091.566650390625","105830"
"Tompkins County, New York, USA","0.0119890675","1267.7239990234375","105740"
"Eau Claire County, Wisconsin, USA","0.0078810313","833.1038208007812","105710"
"Sumter County, South Carolina, USA","0.0036465592","384.91619873046875","105556"
"Franklin County, Missouri, USA","0.003089523","323.4174499511719","104682"
"Flathead County, Montana, USA","0.0039271556","409.826171875","104357"
"Fond du Lac County, Wisconsin, USA","0.0078265835","815.1699829101562","104154"
"Macon County, Illinois, USA","0.0068140348","708.64599609375","103998"
"Adams County, Pennsylvania, USA","0.0038605004","400.9206848144531","103852"
"Bay County, Michigan, USA","0.0064998523","674.7561645507812","103811"
"Cecil County, Maryland, USA","0.0034086797","353.5755310058594","103728"
"Wicomico County, Maryland, USA","0.0064241865","665.4686279296875","103588"
"Limestone County, Alabama, USA","0.0030310212","313.90771484375","103565"
"Etowah County, Alabama, USA","0.002735981","282.9989318847656","103436"
"Daviess County, Kentucky, USA","0.0079939288","825.8687744140625","103312"
"Whitfield County, Georgia, USA","0.0047966759","493.4052734375","102864"
"Nevada County, California, USA","0.0036139793","369.4968566894531","102241"
"Allen County, Ohio, USA","0.0064681542","661.0841674804688","102206"
"Columbiana County, Ohio, USA","0.0036771011","374.6120300292969","101877"
"Highlands County, Florida, USA","0.0038613992","390.90875244140625","101235"
"Maury County, Tennessee, USA","0.004455765","449.9164123535156","100974"
"Craven County, North Carolina, USA","0.0037987021","382.6318664550781","100727"
"Laramie County, Wyoming, USA","0.0090019635","904.8053588867188","100512"
"DeKalb County, Illinois, USA","0.0103029119","1034.618408203125","100420"
"Garland County, Arkansas, USA","0.0033838444","338.9935302734375","100180"
"Roanoke city-County, Virginia, USA","0.0115322644","1153.837646484375","100053"
